Page,Job URLs Found,Rows Added,Timestamp
2501,25,38,2026-09-28T17:16:33
2502,25,36,2026-09-28T17:17:14
2503,25,39,2026-09-28T17:17:54
2504,25,40,2026-09-28T17:18:34
2505,25,57,2026-09-28T17:19:13
2506,25,39,2026-09-28T17:19:52
2507,25,46,2026-09-28T17:20:32
2508,25,36,2026-09-28T17:21:12
2509,25,39,2026-09-28T17:21:48
2510,25,33,2026-09-28T17:22:26
2511,25,33,2026-09-28T17:23:05
2512,25,44,2026-09-28T17:23:45
2513,25,52,2026-09-28T17:24:24
2514,25,43,2026-09-28T17:25:01
2515,25,48,2026-09-28T17:25:37
2516,25,32,2026-09-28T18:01:54
2517,25,44,2026-09-28T18:04:06
2518,25,49,2026-09-28T18:06:17
2519,25,92,2026-09-28T18:08:17
2520,25,28,2026-09-28T18:09:52
2521,25,33,2026-09-28T18:11:19
2522,25,31,2026-09-28T18:12:33
2523,25,31,2026-09-28T18:13:42
2524,25,48,2026-09-28T18:14:57
2525,25,41,2026-09-28T18:16:00
2526,25,36,2026-09-28T18:17:02
2527,25,53,2026-09-28T18:18:05
